,employee_id,salary,commission_pct,manager_id,department_id
count,107.0,107.0,107.0,107.0,107.0
mean,153.0,6461.8317757009345,0.07289719626168224,123.59813084112149,62.61682242990654
std,31.0322412983658,3909.5797305524825,0.11559533634415228,23.543560515697372,21.689770156238076
min,100.0,2100.0,0.0,0.0,0.0
25%,126.5,3100.0,0.0,108.0,50.0
50%,153.0,6200.0,0.0,122.0,50.0
75%,179.5,8900.0,0.15,145.0,80.0
max,206.0,24000.0,0.4,205.0,110.0
